,Gemeente,26/03/2020,25/03/2020,24/03/2020,23/03/2020,22/03/2020,21/03/2020,20/03/2020,19/03/2020,18/03/2020,17/03/2020,16/03/2020,15/03/2020,14/03/2020,13/03/2020,12/03/2020,11/03/2020,10/03/2020,09/03/2020,08/03/2020
0,Unknown,237.0,213.0,200.0,184.0,155.0,137.0,112.0,89.0,87.0,72.0,70.0,58.0,37.0,28.0,14.0,6.0,2.0,1.0,2.0
1,'s-Gravenhage,103.0,81.0,63.0,53.0,47.0,44.0,36.0,27.0,21.0,17.0,14.0,10.0,9.0,8.0,7.0,7.0,3.0,2.0,2.0
2,'s-Hertogenbosch,87.0,75.0,67.0,60.0,55.0,45.0,38.0,35.0,30.0,24.0,20.0,14.0,14.0,11.0,8.0,5.0,4.0,3.0,2.0
3,Aa en Hunze,3.0,1.0,1.0,1.0,1.0,0.0,0.0,0.0,0.0,0.0,0.0,0.0,0.0,0.0,0.0,0.0,0.0,0.0,0.0
4,Aalsmeer,11.0,10.0,9.0,8.0,7.0,5.0,5.0,4.0,3.0,3.0,3.0,3.0,3.0,3.0,2.0,2.0,2.0,0.0,0.0
5,Aalten,2.0,2.0,1.0,1.0,1.0,1.0,1.0,0.0,0.0,0.0,0.0,0.0,0.0,0.0,0.0,0.0,0.0,0.0,0.0
6,Achtkarspelen,1.0,1.0,0.0,0.0,0.0,0.0,0.0,0.0,0.0,0.0,0.0,0.0,0.0,0.0,0.0,0.0,0.0,0.0,0.0
7,Alblasserdam,6.0,5.0,4.0,4.0,4.0,3.0,3.0,2.0,1.0,1.0,0.0,0.0,0.0,0.0,0.0,0.0,0.0,0.0,0.0
8,Albrandswaard,19.0,18.0,18.0,14.0,12.0,8.0,5.0,4.0,4.0,3.0,2.0,1.0,1.0,1.0,1.0,1.0,1.0,1.0,1.0
9,Alkmaar,29.0,24.0,20.0,16.0,15.0,11.0,10.0,9.0,5.0,2.0,2.0,1.0,1.0,1.0,1.0,1.0,1.0,0.0,0.0
10,Almelo,12.0,10.0,8.0,7.0,5.0,4.0,3.0,2.0,1.0,1.0,1.0,1.0,1.0,1.0,1.0,1.0,1.0,1.0,1.0
11,Almere,32.0,28.0,21.0,18.0,14.0,11.0,5.0,5.0,4.0,3.0,3.0,2.0,2.0,1.0,1.0,1.0,1.0,1.0,1.0
12,Alphen aan den Rijn,30.0,22.0,20.0,17.0,17.0,15.0,13.0,10.0,9.0,6.0,6.0,6.0,6.0,4.0,3.0,2.0,1.0,1.0,1.0
13,Alphen-Chaam,19.0,16.0,15.0,14.0,9.0,7.0,6.0,6.0,6.0,3.0,2.0,1.0,1.0,0.0,0.0,0.0,0.0,0.0,0.0
14,Altena,35.0,35.0,28.0,25.0,23.0,22.0,19.0,19.0,15.0,12.0,12.0,10.0,9.0,8.0,5.0,4.0,4.0,4.0,4.0
15,Ameland,0.0,0.0,0.0,0.0,0.0,0.0,0.0,0.0,0.0,0.0,0.0,0.0,0.0,0.0,0.0,0.0,0.0,0.0,0.0
16,Amersfoort,54.0,47.0,44.0,41.0,37.0,37.0,32.0,30.0,23.0,21.0,18.0,10.0,4.0,4.0,4.0,2.0,0.0,0.0,0.0
17,Amstelveen,46.0,35.0,33.0,29.0,27.0,26.0,22.0,13.0,7.0,6.0,4.0,3.0,3.0,3.0,2.0,2.0,2.0,2.0,1.0
18,Amsterdam,351.0,297.0,250.0,203.0,188.0,161.0,127.0,85.0,61.0,56.0,39.0,31.0,31.0,20.0,11.0,8.0,8.0,4.0,4.0
19,Apeldoorn,39.0,34.0,29.0,26.0,17.0,16.0,13.0,11.0,10.0,7.0,7.0,3.0,3.0,2.0,2.0,1.0,0.0,0.0,0.0
20,Appingedam,0.0,0.0,0.0,0.0,0.0,0.0,0.0,0.0,0.0,0.0,0.0,0.0,0.0,0.0,0.0,0.0,0.0,0.0,0.0
21,Arnhem,34.0,25.0,23.0,20.0,16.0,15.0,13.0,10.0,9.0,8.0,7.0,7.0,4.0,4.0,4.0,3.0,2.0,2.0,3.0
22,Assen,7.0,5.0,5.0,4.0,2.0,1.0,1.0,0.0,0.0,0.0,0.0,0.0,0.0,0.0,0.0,0.0,0.0,0.0,0.0
23,Asten,6.0,6.0,6.0,5.0,5.0,5.0,2.0,2.0,2.0,2.0,1.0,1.0,0.0,0.0,0.0,0.0,0.0,0.0,0.0
24,Baarle-Nassau,2.0,2.0,1.0,1.0,1.0,1.0,1.0,0.0,0.0,0.0,0.0,0.0,0.0,0.0,0.0,0.0,0.0,0.0,0.0
25,Baarn,5.0,4.0,2.0,2.0,1.0,1.0,1.0,2.0,0.0,0.0,0.0,0.0,0.0,0.0,0.0,0.0,0.0,0.0,0.0
26,Barendrecht,19.0,16.0,15.0,13.0,10.0,9.0,5.0,4.0,3.0,3.0,3.0,3.0,1.0,1.0,1.0,0.0,0.0,0.0,0.0
27,Barneveld,13.0,13.0,12.0,10.0,9.0,8.0,8.0,6.0,5.0,4.0,3.0,2.0,0.0,0.0,0.0,0.0,0.0,0.0,0.0
28,Beek,13.0,13.0,9.0,5.0,5.0,5.0,5.0,3.0,3.0,3.0,3.0,3.0,0.0,0.0,0.0,0.0,0.0,0.0,0.0
29,Beekdaelen,32.0,30.0,29.0,20.0,19.0,19.0,19.0,18.0,18.0,15.0,13.0,12.0,9.0,8.0,8.0,8.0,5.0,4.0,2.0
30,Beemster,2.0,2.0,1.0,0.0,0.0,0.0,0.0,0.0,0.0,0.0,0.0,0.0,0.0,0.0,0.0,0.0,0.0,0.0,0.0
31,Beesel,8.0,7.0,6.0,5.0,5.0,3.0,1.0,0.0,0.0,0.0,0.0,0.0,0.0,0.0,0.0,0.0,0.0,0.0,0.0
32,Berg en Dal,43.0,37.0,35.0,33.0,30.0,25.0,20.0,18.0,14.0,14.0,10.0,6.0,6.0,5.0,3.0,3.0,1.0,0.0,0.0
33,Bergeijk,11.0,10.0,5.0,3.0,1.0,1.0,1.0,1.0,1.0,1.0,1.0,1.0,1.0,1.0,1.0,1.0,0.0,0.0,0.0
34,Bergen (L),1.0,1.0,1.0,1.0,1.0,1.0,1.0,1.0,1.0,0.0,0.0,0.0,0.0,0.0,0.0,0.0,0.0,0.0,0.0
35,Bergen (NH),14.0,12.0,12.0,9.0,8.0,6.0,4.0,4.0,1.0,1.0,1.0,1.0,1.0,0.0,0.0,0.0,0.0,0.0,0.0
36,Bergen op Zoom,13.0,12.0,12.0,12.0,10.0,9.0,8.0,6.0,5.0,5.0,4.0,4.0,1.0,1.0,1.0,1.0,1.0,1.0,1.0
37,Berkelland,2.0,2.0,2.0,2.0,1.0,1.0,1.0,1.0,0.0,0.0,0.0,0.0,0.0,0.0,0.0,0.0,0.0,0.0,0.0
38,Bernheze,83.0,69.0,67.0,62.0,57.0,41.0,37.0,30.0,26.0,20.0,19.0,16.0,15.0,13.0,4.0,2.0,2.0,2.0,1.0
39,Best,21.0,19.0,17.0,14.0,14.0,11.0,8.0,6.0,6.0,5.0,4.0,3.0,3.0,3.0,3.0,3.0,2.0,2.0,2.0
40,Beuningen,15.0,15.0,13.0,12.0,11.0,9.0,8.0,6.0,6.0,6.0,5.0,4.0,4.0,3.0,3.0,3.0,3.0,3.0,5.0
41,Beverwijk,12.0,11.0,11.0,7.0,7.0,6.0,6.0,6.0,6.0,6.0,5.0,5.0,5.0,5.0,5.0,4.0,4.0,4.0,4.0
42,Bladel,15.0,15.0,14.0,12.0,11.0,7.0,6.0,3.0,2.0,1.0,1.0,1.0,1.0,0.0,0.0,0.0,0.0,0.0,0.0
43,Blaricum,6.0,5.0,4.0,4.0,4.0,4.0,3.0,2.0,2.0,1.0,1.0,1.0,1.0,1.0,1.0,1.0,1.0,1.0,1.0
44,Bloemendaal,16.0,13.0,13.0,11.0,8.0,8.0,3.0,3.0,3.0,3.0,1.0,1.0,1.0,1.0,1.0,1.0,1.0,1.0,1.0
45,Bodegraven-Reeuwijk,8.0,5.0,5.0,5.0,5.0,3.0,1.0,1.0,1.0,1.0,1.0,1.0,1.0,1.0,1.0,0.0,0.0,0.0,0.0
46,Boekel,42.0,42.0,42.0,40.0,37.0,32.0,25.0,20.0,19.0,14.0,14.0,12.0,12.0,11.0,8.0,7.0,2.0,1.0,1.0
47,Borger-Odoorn,0.0,0.0,0.0,0.0,0.0,0.0,0.0,0.0,0.0,0.0,0.0,0.0,0.0,0.0,0.0,0.0,0.0,0.0,0.0
48,Borne,12.0,11.0,8.0,7.0,5.0,4.0,3.0,3.0,3.0,3.0,3.0,3.0,3.0,3.0,2.0,3.0,3.0,3.0,3.0
49,Borsele,6.0,5.0,4.0,3.0,3.0,3.0,3.0,3.0,2.0,2.0,2.0,1.0,1.0,1.0,1.0,1.0,0.0,0.0,0.0
50,Boxmeer,10.0,9.0,9.0,7.0,7.0,6.0,5.0,2.0,2.0,1.0,1.0,1.0,1.0,1.0,0.0,0.0,0.0,0.0,0.0
51,Boxtel,19.0,15.0,15.0,12.0,12.0,11.0,6.0,6.0,5.0,5.0,3.0,2.0,2.0,1.0,1.0,0.0,0.0,0.0,0.0
52,Breda,201.0,181.0,167.0,161.0,140.0,133.0,121.0,113.0,105.0,96.0,86.0,71.0,64.0,53.0,42.0,32.0,27.0,19.0,16.0
53,Brielle,2.0,1.0,1.0,1.0,1.0,1.0,1.0,1.0,0.0,0.0,0.0,0.0,0.0,0.0,0.0,0.0,0.0,0.0,0.0
54,Bronckhorst,8.0,7.0,7.0,6.0,6.0,6.0,5.0,3.0,2.0,2.0,2.0,2.0,2.0,2.0,2.0,2.0,2.0,2.0,2.0
55,Brummen,4.0,4.0,4.0,4.0,1.0,1.0,1.0,1.0,0.0,0.0,0.0,0.0,0.0,0.0,0.0,0.0,0.0,0.0,0.0
56,Brunssum,22.0,20.0,17.0,8.0,6.0,6.0,6.0,4.0,4.0,2.0,0.0,0.0,0.0,0.0,0.0,0.0,0.0,0.0,0.0
57,Bunnik,9.0,8.0,6.0,4.0,3.0,3.0,2.0,1.0,0.0,0.0,0.0,0.0,0.0,0.0,0.0,0.0,0.0,0.0,0.0
58,Bunschoten,3.0,3.0,1.0,0.0,0.0,0.0,0.0,0.0,0.0,0.0,0.0,0.0,0.0,0.0,0.0,0.0,0.0,0.0,0.0
59,Buren,7.0,7.0,6.0,5.0,5.0,5.0,5.0,5.0,4.0,4.0,4.0,2.0,2.0,2.0,1.0,0.0,0.0,0.0,0.0
60,Capelle aan den IJssel,26.0,23.0,13.0,7.0,7.0,3.0,3.0,2.0,1.0,1.0,0.0,0.0,0.0,0.0,0.0,0.0,0.0,0.0,0.0
61,Castricum,13.0,10.0,10.0,8.0,8.0,7.0,6.0,6.0,5.0,5.0,5.0,5.0,4.0,0.0,0.0,0.0,0.0,0.0,0.0
62,Coevorden,17.0,15.0,15.0,14.0,14.0,14.0,13.0,12.0,12.0,11.0,11.0,11.0,11.0,11.0,11.0,11.0,11.0,9.0,7.0
63,Cranendonck,31.0,25.0,23.0,19.0,13.0,11.0,8.0,6.0,6.0,5.0,2.0,2.0,2.0,2.0,1.0,1.0,0.0,0.0,0.0
64,Cuijk,8.0,8.0,6.0,5.0,4.0,4.0,4.0,4.0,2.0,2.0,2.0,2.0,2.0,2.0,1.0,1.0,0.0,0.0,0.0
65,Culemborg,14.0,8.0,8.0,5.0,5.0,5.0,4.0,4.0,4.0,4.0,2.0,2.0,2.0,2.0,1.0,1.0,1.0,1.0,1.0
66,Dalfsen,13.0,12.0,11.0,9.0,8.0,5.0,4.0,1.0,1.0,1.0,1.0,1.0,0.0,0.0,0.0,0.0,0.0,0.0,0.0
67,Dantumadiel,1.0,0.0,0.0,0.0,0.0,0.0,0.0,0.0,0.0,0.0,0.0,0.0,0.0,0.0,0.0,0.0,0.0,0.0,0.0
68,De Bilt,34.0,32.0,27.0,23.0,20.0,19.0,18.0,16.0,16.0,15.0,13.0,12.0,11.0,11.0,11.0,10.0,6.0,6.0,6.0
69,De Fryske Marren,12.0,9.0,8.0,8.0,8.0,8.0,6.0,5.0,5.0,3.0,3.0,3.0,2.0,2.0,1.0,0.0,0.0,0.0,0.0
70,De Ronde Venen,13.0,9.0,8.0,6.0,4.0,3.0,3.0,2.0,2.0,2.0,2.0,0.0,0.0,0.0,0.0,0.0,0.0,0.0,0.0
71,De Wolden,3.0,3.0,3.0,3.0,3.0,3.0,2.0,1.0,1.0,1.0,1.0,1.0,1.0,0.0,0.0,0.0,0.0,0.0,0.0
72,Delft,25.0,21.0,17.0,16.0,12.0,11.0,9.0,5.0,4.0,2.0,2.0,2.0,2.0,2.0,1.0,1.0,1.0,1.0,1.0
73,Delfzijl,2.0,1.0,1.0,1.0,0.0,0.0,0.0,0.0,0.0,0.0,0.0,0.0,0.0,0.0,0.0,0.0,0.0,0.0,0.0
74,Den Helder,6.0,5.0,5.0,4.0,3.0,3.0,2.0,2.0,1.0,1.0,1.0,1.0,1.0,1.0,1.0,1.0,0.0,0.0,0.0
75,Deurne,35.0,30.0,25.0,22.0,22.0,19.0,13.0,10.0,8.0,8.0,5.0,4.0,3.0,3.0,3.0,3.0,1.0,1.0,1.0
76,Deventer,30.0,26.0,20.0,17.0,16.0,16.0,7.0,5.0,5.0,4.0,2.0,1.0,0.0,0.0,0.0,0.0,0.0,0.0,0.0
77,Diemen,6.0,6.0,4.0,4.0,4.0,3.0,3.0,2.0,2.0,2.0,2.0,2.0,2.0,2.0,2.0,2.0,2.0,2.0,2.0
78,Dinkelland,25.0,20.0,17.0,15.0,14.0,13.0,9.0,8.0,6.0,5.0,5.0,4.0,4.0,3.0,1.0,2.0,2.0,2.0,2.0
79,Doesburg,5.0,5.0,4.0,4.0,4.0,3.0,3.0,1.0,1.0,1.0,1.0,1.0,0.0,0.0,0.0,0.0,0.0,0.0,0.0
80,Doetinchem,17.0,10.0,8.0,6.0,5.0,5.0,4.0,3.0,0.0,0.0,0.0,0.0,0.0,0.0,0.0,0.0,0.0,0.0,0.0
81,Dongen,6.0,6.0,4.0,2.0,2.0,2.0,2.0,5.0,5.0,5.0,5.0,5.0,5.0,4.0,4.0,4.0,3.0,3.0,3.0
82,Dordrecht,28.0,26.0,23.0,17.0,13.0,12.0,11.0,8.0,4.0,4.0,1.0,1.0,1.0,1.0,0.0,0.0,0.0,0.0,0.0
83,Drechterland,4.0,3.0,3.0,2.0,2.0,2.0,0.0,0.0,0.0,0.0,0.0,0.0,0.0,0.0,0.0,0.0,0.0,0.0,0.0
84,Drimmelen,21.0,20.0,17.0,16.0,14.0,14.0,13.0,13.0,12.0,11.0,7.0,5.0,5.0,5.0,3.0,1.0,0.0,0.0,0.0
85,Dronten,11.0,11.0,11.0,11.0,10.0,11.0,10.0,9.0,8.0,7.0,7.0,6.0,3.0,2.0,0.0,0.0,0.0,0.0,0.0
86,Druten,7.0,7.0,6.0,6.0,5.0,5.0,5.0,5.0,5.0,5.0,5.0,5.0,3.0,1.0,0.0,0.0,0.0,0.0,0.0
87,Duiven,3.0,2.0,2.0,2.0,2.0,2.0,2.0,2.0,2.0,1.0,1.0,1.0,1.0,1.0,0.0,0.0,0.0,0.0,0.0
88,Echt-Susteren,23.0,20.0,15.0,14.0,12.0,11.0,7.0,6.0,6.0,2.0,0.0,0.0,0.0,0.0,0.0,0.0,0.0,0.0,0.0
89,Edam-Volendam,10.0,9.0,7.0,6.0,5.0,4.0,3.0,3.0,0.0,0.0,0.0,0.0,0.0,0.0,0.0,0.0,0.0,0.0,0.0
90,Ede,33.0,26.0,22.0,21.0,16.0,13.0,9.0,5.0,5.0,2.0,2.0,1.0,0.0,0.0,0.0,0.0,0.0,0.0,0.0
91,Eemnes,1.0,1.0,1.0,1.0,1.0,1.0,1.0,1.0,1.0,0.0,0.0,0.0,0.0,0.0,0.0,0.0,0.0,0.0,0.0
92,Eersel,14.0,13.0,13.0,10.0,9.0,7.0,6.0,4.0,4.0,3.0,2.0,2.0,2.0,1.0,1.0,0.0,0.0,0.0,0.0
93,Eijsden-Margraten,26.0,20.0,15.0,7.0,6.0,6.0,6.0,4.0,4.0,4.0,4.0,3.0,1.0,0.0,0.0,0.0,0.0,0.0,0.0
94,Eindhoven,93.0,80.0,68.0,55.0,46.0,35.0,28.0,24.0,23.0,22.0,21.0,21.0,13.0,12.0,8.0,8.0,8.0,7.0,6.0
95,Elburg,6.0,5.0,4.0,4.0,3.0,2.0,2.0,1.0,1.0,1.0,1.0,1.0,1.0,1.0,0.0,0.0,0.0,0.0,0.0
96,Emmen,8.0,8.0,7.0,6.0,4.0,4.0,4.0,3.0,2.0,1.0,1.0,1.0,1.0,1.0,1.0,1.0,1.0,1.0,1.0
97,Enkhuizen,15.0,13.0,10.0,8.0,7.0,6.0,5.0,5.0,1.0,1.0,1.0,0.0,0.0,0.0,0.0,0.0,0.0,0.0,0.0
98,Enschede,34.0,26.0,20.0,20.0,18.0,16.0,8.0,7.0,4.0,3.0,3.0,3.0,3.0,3.0,3.0,1.0,0.0,0.0,0.0
99,Epe,16.0,15.0,13.0,10.0,8.0,6.0,4.0,4.0,4.0,2.0,2.0,0.0,0.0,0.0,0.0,0.0,0.0,0.0,0.0
100,Ermelo,17.0,17.0,14.0,13.0,13.0,11.0,9.0,8.0,8.0,8.0,8.0,7.0,5.0,4.0,3.0,1.0,1.0,0.0,0.0
101,Etten-Leur,37.0,31.0,24.0,24.0,20.0,18.0,15.0,14.0,13.0,12.0,10.0,8.0,7.0,6.0,5.0,5.0,3.0,1.0,0.0
102,Geertruidenberg,11.0,11.0,10.0,10.0,8.0,7.0,7.0,7.0,7.0,5.0,3.0,1.0,1.0,1.0,1.0,1.0,0.0,0.0,0.0
103,Geldrop-Mierlo,16.0,15.0,9.0,8.0,6.0,6.0,4.0,4.0,3.0,3.0,3.0,2.0,2.0,2.0,1.0,0.0,0.0,0.0,0.0
104,Gemert-Bakel,71.0,68.0,64.0,56.0,50.0,42.0,36.0,31.0,26.0,25.0,20.0,16.0,13.0,11.0,7.0,4.0,2.0,1.0,1.0
105,Gennep,8.0,7.0,7.0,7.0,7.0,5.0,4.0,4.0,2.0,1.0,1.0,1.0,1.0,1.0,0.0,0.0,0.0,0.0,0.0
106,Gilze en Rijen,19.0,18.0,16.0,13.0,12.0,7.0,7.0,5.0,3.0,1.0,1.0,1.0,1.0,1.0,0.0,0.0,0.0,0.0,0.0
107,Goeree-Overflakkee,56.0,44.0,43.0,36.0,25.0,16.0,14.0,8.0,7.0,5.0,4.0,2.0,1.0,1.0,0.0,0.0,0.0,0.0,0.0
108,Goes,7.0,4.0,4.0,3.0,3.0,3.0,3.0,3.0,3.0,2.0,2.0,2.0,2.0,2.0,2.0,2.0,1.0,0.0,0.0
109,Goirle,21.0,18.0,16.0,13.0,13.0,12.0,11.0,11.0,9.0,9.0,9.0,6.0,6.0,6.0,6.0,6.0,4.0,4.0,1.0
110,Gooise Meren,20.0,18.0,12.0,11.0,11.0,11.0,10.0,10.0,9.0,9.0,4.0,4.0,4.0,3.0,3.0,3.0,2.0,2.0,2.0
111,Gorinchem,9.0,8.0,4.0,2.0,2.0,0.0,0.0,1.0,0.0,0.0,0.0,0.0,0.0,0.0,0.0,0.0,0.0,0.0,0.0
112,Gouda,25.0,18.0,17.0,16.0,15.0,12.0,10.0,9.0,7.0,5.0,4.0,3.0,2.0,2.0,2.0,2.0,1.0,0.0,0.0
113,Grave,14.0,11.0,11.0,11.0,10.0,6.0,4.0,2.0,1.0,0.0,0.0,0.0,0.0,0.0,0.0,0.0,0.0,0.0,0.0
114,Groningen,76.0,58.0,53.0,53.0,46.0,39.0,28.0,23.0,11.0,7.0,7.0,6.0,3.0,3.0,2.0,0.0,0.0,0.0,0.0
115,Gulpen-Wittem,5.0,5.0,4.0,2.0,2.0,2.0,2.0,2.0,2.0,2.0,2.0,1.0,0.0,0.0,0.0,0.0,0.0,0.0,0.0
116,Haaksbergen,4.0,3.0,3.0,3.0,3.0,1.0,1.0,1.0,1.0,1.0,1.0,1.0,0.0,0.0,0.0,0.0,0.0,0.0,0.0
117,Haaren,14.0,12.0,12.0,12.0,12.0,10.0,9.0,9.0,9.0,7.0,7.0,7.0,7.0,7.0,6.0,6.0,2.0,2.0,0.0
118,Haarlem,54.0,46.0,41.0,29.0,27.0,25.0,17.0,10.0,7.0,7.0,6.0,4.0,4.0,4.0,1.0,1.0,1.0,2.0,2.0
119,Haarlemmermeer,30.0,23.0,23.0,18.0,16.0,12.0,8.0,5.0,4.0,4.0,2.0,1.0,0.0,0.0,0.0,0.0,0.0,0.0,0.0
120,Halderberge,8.0,8.0,8.0,7.0,7.0,5.0,2.0,2.0,2.0,2.0,2.0,0.0,0.0,0.0,0.0,0.0,0.0,0.0,0.0
121,Hardenberg,9.0,7.0,6.0,4.0,3.0,3.0,1.0,0.0,0.0,0.0,0.0,0.0,0.0,0.0,0.0,0.0,0.0,0.0,0.0
122,Harderwijk,14.0,13.0,9.0,8.0,6.0,5.0,5.0,5.0,5.0,4.0,4.0,2.0,2.0,2.0,2.0,0.0,0.0,0.0,0.0
123,Hardinxveld-Giessendam,6.0,6.0,6.0,6.0,6.0,6.0,6.0,5.0,5.0,5.0,5.0,5.0,5.0,5.0,5.0,5.0,5.0,4.0,4.0
124,Harlingen,3.0,3.0,3.0,3.0,3.0,3.0,1.0,1.0,1.0,1.0,1.0,0.0,0.0,0.0,0.0,0.0,0.0,0.0,0.0
125,Hattem,5.0,3.0,2.0,1.0,1.0,1.0,0.0,0.0,0.0,0.0,0.0,0.0,0.0,0.0,0.0,0.0,0.0,0.0,0.0
126,Heemskerk,10.0,9.0,7.0,5.0,5.0,5.0,5.0,3.0,2.0,2.0,2.0,1.0,1.0,1.0,0.0,0.0,0.0,0.0,0.0
127,Heemstede,21.0,17.0,16.0,13.0,11.0,11.0,7.0,5.0,5.0,5.0,5.0,2.0,2.0,2.0,2.0,1.0,1.0,1.0,1.0
128,Heerde,24.0,19.0,15.0,13.0,9.0,9.0,5.0,4.0,3.0,3.0,2.0,0.0,0.0,0.0,0.0,0.0,0.0,0.0,0.0
129,Heerenveen,4.0,3.0,3.0,3.0,2.0,2.0,1.0,0.0,0.0,0.0,0.0,0.0,0.0,0.0,0.0,0.0,0.0,0.0,0.0
130,Heerhugowaard,19.0,16.0,15.0,10.0,8.0,5.0,3.0,2.0,2.0,1.0,1.0,1.0,0.0,0.0,0.0,0.0,0.0,0.0,0.0
131,Heerlen,63.0,53.0,46.0,29.0,24.0,19.0,18.0,15.0,14.0,8.0,6.0,5.0,4.0,2.0,2.0,1.0,0.0,0.0,0.0
132,Heeze-Leende,10.0,10.0,7.0,7.0,7.0,4.0,4.0,4.0,4.0,3.0,2.0,1.0,1.0,1.0,1.0,1.0,0.0,0.0,0.0
133,Heiloo,10.0,9.0,8.0,6.0,6.0,4.0,3.0,3.0,3.0,3.0,3.0,2.0,2.0,2.0,0.0,0.0,0.0,0.0,0.0
134,Hellendoorn,7.0,7.0,6.0,5.0,4.0,3.0,2.0,2.0,2.0,2.0,2.0,2.0,2.0,2.0,2.0,2.0,2.0,2.0,2.0
135,Hellevoetsluis,7.0,5.0,5.0,5.0,4.0,4.0,4.0,1.0,1.0,1.0,1.0,1.0,1.0,1.0,1.0,0.0,0.0,0.0,0.0
136,Helmond,66.0,63.0,55.0,49.0,38.0,32.0,26.0,22.0,20.0,19.0,17.0,17.0,17.0,16.0,14.0,12.0,11.0,7.0,5.0
137,Hendrik-Ido-Ambacht,5.0,3.0,2.0,2.0,1.0,0.0,0.0,0.0,0.0,0.0,0.0,0.0,0.0,0.0,0.0,0.0,0.0,0.0,0.0
138,Hengelo (O),21.0,17.0,16.0,15.0,15.0,13.0,5.0,4.0,3.0,3.0,3.0,0.0,0.0,0.0,0.0,0.0,0.0,0.0,0.0
139,Het Hogeland,6.0,4.0,1.0,1.0,0.0,0.0,0.0,0.0,0.0,0.0,0.0,0.0,0.0,0.0,0.0,0.0,0.0,0.0,0.0
140,Heumen,15.0,12.0,11.0,9.0,7.0,7.0,7.0,6.0,5.0,3.0,2.0,2.0,0.0,0.0,0.0,0.0,0.0,0.0,0.0
141,Heusden,25.0,20.0,19.0,16.0,15.0,11.0,7.0,6.0,5.0,4.0,4.0,4.0,4.0,4.0,2.0,2.0,1.0,1.0,1.0
142,Hillegom,3.0,3.0,3.0,2.0,2.0,2.0,2.0,1.0,1.0,0.0,0.0,0.0,0.0,0.0,0.0,0.0,0.0,0.0,0.0
143,Hilvarenbeek,10.0,10.0,8.0,7.0,6.0,5.0,4.0,4.0,4.0,4.0,4.0,5.0,5.0,5.0,3.0,1.0,0.0,0.0,0.0
144,Hilversum,18.0,16.0,7.0,7.0,7.0,7.0,5.0,3.0,3.0,3.0,0.0,0.0,0.0,0.0,0.0,0.0,0.0,0.0,0.0
145,Hoeksche Waard,43.0,36.0,31.0,23.0,21.0,17.0,17.0,12.0,8.0,6.0,4.0,2.0,1.0,1.0,1.0,2.0,2.0,2.0,2.0
146,Hof van Twente,8.0,6.0,5.0,5.0,5.0,4.0,3.0,3.0,3.0,1.0,1.0,1.0,0.0,0.0,0.0,0.0,0.0,0.0,0.0
147,Hollands Kroon,14.0,10.0,10.0,8.0,7.0,6.0,3.0,3.0,1.0,0.0,0.0,0.0,0.0,0.0,0.0,0.0,0.0,0.0,0.0
148,Hoogeveen,7.0,7.0,6.0,5.0,5.0,5.0,4.0,3.0,3.0,2.0,2.0,2.0,2.0,1.0,1.0,0.0,0.0,0.0,0.0
149,Hoorn,15.0,14.0,12.0,11.0,9.0,8.0,3.0,2.0,1.0,1.0,1.0,0.0,0.0,0.0,0.0,0.0,0.0,0.0,0.0
150,Horst aan de Maas,20.0,18.0,17.0,16.0,13.0,13.0,11.0,10.0,8.0,8.0,5.0,3.0,3.0,2.0,0.0,0.0,0.0,0.0,0.0
151,Houten,43.0,37.0,29.0,25.0,23.0,19.0,17.0,17.0,14.0,13.0,13.0,13.0,13.0,13.0,13.0,13.0,13.0,13.0,13.0
152,Huizen,8.0,7.0,3.0,3.0,3.0,3.0,3.0,3.0,2.0,1.0,1.0,1.0,1.0,1.0,1.0,2.0,1.0,1.0,1.0
153,Hulst,1.0,1.0,0.0,0.0,0.0,0.0,0.0,0.0,0.0,0.0,0.0,0.0,0.0,0.0,0.0,0.0,0.0,0.0,0.0
154,IJsselstein,23.0,18.0,16.0,16.0,13.0,11.0,8.0,8.0,7.0,6.0,4.0,2.0,1.0,1.0,1.0,1.0,1.0,1.0,1.0
155,Kaag en Braassem,5.0,5.0,4.0,2.0,2.0,1.0,1.0,1.0,0.0,0.0,0.0,0.0,0.0,0.0,0.0,0.0,0.0,0.0,0.0
156,Kampen,41.0,30.0,20.0,17.0,14.0,12.0,5.0,2.0,2.0,1.0,0.0,0.0,0.0,0.0,0.0,0.0,0.0,0.0,0.0
157,Kapelle,2.0,2.0,2.0,2.0,2.0,2.0,2.0,2.0,2.0,1.0,0.0,0.0,0.0,0.0,0.0,0.0,0.0,0.0,0.0
158,Katwijk,10.0,7.0,6.0,6.0,6.0,5.0,3.0,2.0,2.0,1.0,1.0,1.0,1.0,1.0,1.0,0.0,0.0,0.0,0.0
159,Kerkrade,26.0,21.0,17.0,8.0,8.0,6.0,5.0,3.0,3.0,3.0,2.0,2.0,1.0,0.0,0.0,0.0,0.0,0.0,0.0
160,Koggenland,6.0,5.0,4.0,4.0,2.0,1.0,1.0,1.0,1.0,1.0,1.0,1.0,1.0,0.0,0.0,0.0,0.0,0.0,0.0
161,Krimpen aan den IJssel,7.0,6.0,3.0,3.0,3.0,2.0,2.0,2.0,1.0,1.0,1.0,1.0,1.0,1.0,1.0,0.0,0.0,0.0,0.0
162,Krimpenerwaard,19.0,16.0,12.0,11.0,11.0,9.0,7.0,5.0,4.0,4.0,4.0,4.0,3.0,3.0,3.0,3.0,1.0,1.0,1.0
163,Laarbeek,24.0,19.0,17.0,13.0,11.0,8.0,6.0,4.0,2.0,1.0,1.0,1.0,1.0,1.0,0.0,0.0,0.0,0.0,0.0
164,Landerd,34.0,25.0,25.0,23.0,22.0,20.0,20.0,18.0,16.0,14.0,10.0,5.0,5.0,4.0,2.0,2.0,1.0,2.0,2.0
165,Landgraaf,25.0,21.0,18.0,11.0,10.0,9.0,7.0,7.0,7.0,4.0,4.0,4.0,4.0,2.0,1.0,0.0,0.0,0.0,0.0
166,Landsmeer,7.0,6.0,6.0,5.0,5.0,4.0,4.0,3.0,3.0,3.0,3.0,3.0,2.0,2.0,2.0,0.0,0.0,0.0,0.0
167,Langedijk,13.0,12.0,12.0,5.0,4.0,4.0,4.0,4.0,4.0,4.0,4.0,4.0,3.0,3.0,1.0,1.0,0.0,0.0,0.0
168,Lansingerland,28.0,25.0,24.0,20.0,20.0,16.0,14.0,13.0,10.0,7.0,5.0,5.0,4.0,4.0,4.0,4.0,4.0,3.0,2.0
169,Laren,5.0,4.0,3.0,0.0,0.0,0.0,0.0,0.0,0.0,0.0,0.0,0.0,0.0,0.0,0.0,0.0,0.0,0.0,0.0
170,Leeuwarden,15.0,12.0,10.0,10.0,8.0,8.0,5.0,5.0,4.0,3.0,2.0,1.0,1.0,1.0,1.0,0.0,0.0,0.0,0.0
171,Leiden,28.0,21.0,20.0,16.0,16.0,16.0,14.0,12.0,11.0,8.0,8.0,4.0,4.0,4.0,1.0,1.0,1.0,0.0,0.0
172,Leiderdorp,4.0,3.0,2.0,2.0,2.0,2.0,2.0,2.0,2.0,1.0,1.0,0.0,0.0,0.0,0.0,0.0,0.0,0.0,0.0
173,Leidschendam-Voorburg,17.0,14.0,13.0,10.0,10.0,9.0,7.0,6.0,6.0,5.0,4.0,3.0,3.0,3.0,2.0,2.0,2.0,1.0,1.0
174,Lelystad,27.0,26.0,24.0,21.0,19.0,15.0,15.0,13.0,12.0,10.0,8.0,7.0,5.0,3.0,1.0,1.0,0.0,0.0,0.0
175,Leudal,32.0,29.0,26.0,23.0,22.0,20.0,16.0,13.0,11.0,8.0,7.0,6.0,6.0,4.0,4.0,3.0,2.0,1.0,0.0
176,Leusden,13.0,13.0,9.0,7.0,6.0,6.0,4.0,4.0,3.0,1.0,1.0,0.0,0.0,0.0,0.0,0.0,0.0,0.0,0.0
177,Lingewaard,14.0,14.0,11.0,10.0,9.0,6.0,6.0,5.0,4.0,3.0,3.0,3.0,3.0,2.0,2.0,2.0,2.0,2.0,2.0
178,Lisse,2.0,2.0,1.0,1.0,1.0,0.0,0.0,0.0,0.0,0.0,0.0,0.0,0.0,0.0,0.0,0.0,0.0,0.0,0.0
179,Lochem,8.0,6.0,2.0,2.0,2.0,2.0,2.0,1.0,1.0,0.0,0.0,0.0,0.0,0.0,0.0,0.0,0.0,0.0,0.0
180,Loon op Zand,21.0,20.0,20.0,17.0,16.0,14.0,13.0,11.0,9.0,8.0,7.0,7.0,7.0,7.0,6.0,7.0,7.0,7.0,7.0
181,Lopik,12.0,11.0,10.0,9.0,6.0,4.0,3.0,3.0,3.0,2.0,1.0,0.0,0.0,0.0,0.0,0.0,0.0,0.0,0.0
182,Loppersum,1.0,0.0,0.0,0.0,0.0,0.0,0.0,0.0,0.0,0.0,0.0,0.0,0.0,0.0,0.0,0.0,0.0,0.0,0.0
183,Losser,1.0,1.0,1.0,1.0,1.0,1.0,0.0,0.0,0.0,0.0,0.0,0.0,0.0,0.0,0.0,0.0,0.0,0.0,0.0
184,Maasdriel,5.0,3.0,3.0,2.0,2.0,2.0,2.0,1.0,1.0,1.0,0.0,0.0,0.0,0.0,0.0,0.0,1.0,1.0,1.0
185,Maasgouw,12.0,10.0,9.0,9.0,8.0,7.0,5.0,5.0,4.0,3.0,2.0,2.0,1.0,0.0,0.0,0.0,0.0,0.0,0.0
186,Maassluis,8.0,7.0,7.0,6.0,5.0,3.0,2.0,2.0,2.0,1.0,1.0,1.0,1.0,0.0,0.0,0.0,0.0,0.0,0.0
187,Maastricht,118.0,112.0,94.0,60.0,59.0,57.0,56.0,42.0,41.0,33.0,24.0,21.0,16.0,10.0,8.0,8.0,7.0,6.0,4.0
188,Medemblik,6.0,4.0,4.0,4.0,2.0,1.0,0.0,0.0,0.0,0.0,0.0,0.0,0.0,0.0,0.0,0.0,0.0,0.0,0.0
189,Meerssen,8.0,8.0,8.0,3.0,3.0,2.0,2.0,2.0,2.0,1.0,1.0,0.0,0.0,0.0,0.0,0.0,0.0,0.0,0.0
190,Meierijstad,168.0,149.0,139.0,127.0,119.0,95.0,81.0,72.0,60.0,49.0,42.0,34.0,30.0,25.0,18.0,13.0,11.0,10.0,4.0
191,Meppel,3.0,3.0,3.0,3.0,1.0,1.0,1.0,0.0,0.0,0.0,0.0,0.0,0.0,0.0,0.0,0.0,0.0,0.0,0.0
192,Middelburg,8.0,7.0,6.0,6.0,5.0,4.0,3.0,3.0,2.0,1.0,1.0,0.0,0.0,0.0,0.0,0.0,0.0,0.0,0.0
193,Midden-Delfland,2.0,2.0,2.0,2.0,2.0,2.0,2.0,1.0,0.0,0.0,0.0,0.0,0.0,0.0,0.0,0.0,0.0,0.0,0.0
194,Midden-Drenthe,2.0,1.0,1.0,1.0,1.0,1.0,1.0,1.0,0.0,0.0,0.0,0.0,0.0,0.0,0.0,0.0,0.0,0.0,0.0
195,Midden-Groningen,5.0,2.0,2.0,2.0,2.0,2.0,2.0,2.0,2.0,1.0,1.0,1.0,0.0,0.0,0.0,0.0,0.0,0.0,0.0
196,Mill en Sint Hubert,5.0,5.0,5.0,2.0,2.0,2.0,2.0,2.0,1.0,1.0,1.0,1.0,0.0,0.0,0.0,0.0,0.0,0.0,0.0
197,Moerdijk,5.0,5.0,4.0,3.0,3.0,3.0,3.0,2.0,1.0,1.0,1.0,1.0,1.0,1.0,0.0,0.0,0.0,0.0,0.0
198,Molenlanden,16.0,16.0,13.0,11.0,11.0,11.0,11.0,9.0,7.0,3.0,2.0,1.0,0.0,0.0,0.0,0.0,0.0,0.0,0.0
199,Montferland,4.0,3.0,3.0,3.0,2.0,1.0,1.0,1.0,1.0,0.0,0.0,0.0,0.0,0.0,0.0,0.0,0.0,0.0,0.0
200,Montfoort,9.0,5.0,3.0,2.0,0.0,0.0,0.0,0.0,0.0,0.0,0.0,0.0,0.0,0.0,0.0,0.0,0.0,0.0,0.0
201,Mook en Middelaar,5.0,5.0,5.0,3.0,1.0,1.0,1.0,1.0,0.0,0.0,0.0,0.0,0.0,0.0,0.0,0.0,0.0,0.0,0.0
202,Neder-Betuwe,13.0,11.0,11.0,9.0,9.0,5.0,5.0,4.0,4.0,4.0,4.0,4.0,3.0,3.0,1.0,1.0,1.0,1.0,0.0
203,Nederweert,18.0,14.0,11.0,9.0,8.0,7.0,7.0,7.0,7.0,5.0,3.0,3.0,3.0,1.0,0.0,0.0,0.0,0.0,0.0
204,Nieuwegein,15.0,12.0,11.0,11.0,9.0,9.0,8.0,6.0,4.0,3.0,1.0,1.0,0.0,0.0,0.0,0.0,0.0,0.0,0.0
205,Nieuwkoop,6.0,6.0,4.0,3.0,3.0,2.0,1.0,1.0,1.0,1.0,1.0,1.0,1.0,1.0,1.0,0.0,0.0,0.0,0.0
206,Nijkerk,12.0,8.0,8.0,7.0,4.0,4.0,2.0,2.0,2.0,2.0,1.0,0.0,0.0,0.0,0.0,0.0,0.0,0.0,0.0
207,Nijmegen,122.0,108.0,93.0,79.0,68.0,60.0,55.0,48.0,41.0,31.0,17.0,12.0,9.0,8.0,6.0,4.0,3.0,3.0,2.0
208,Nissewaard,23.0,19.0,17.0,15.0,15.0,12.0,11.0,7.0,4.0,3.0,1.0,1.0,1.0,1.0,1.0,0.0,0.0,0.0,0.0
209,Noardeast-Frysl‚Äö√Ñ√∂‚àö‚Ä†‚àö‚àÇ¬¨¬®¬¨¬¢n,,3.0,3.0,2.0,1.0,1.0,1.0,1.0,0.0,0.0,0.0,0.0,0.0,0.0,0.0,0.0,0.0,0.0,0.0
210,Noord-Beveland,2.0,2.0,1.0,0.0,0.0,0.0,0.0,0.0,0.0,0.0,0.0,0.0,0.0,0.0,0.0,0.0,0.0,0.0,0.0
211,Noordenveld,3.0,1.0,1.0,1.0,1.0,1.0,1.0,1.0,1.0,1.0,1.0,0.0,0.0,0.0,0.0,0.0,0.0,0.0,0.0
212,Noordoostpolder,8.0,5.0,4.0,3.0,3.0,3.0,2.0,2.0,2.0,2.0,2.0,2.0,2.0,0.0,0.0,0.0,0.0,0.0,0.0
213,Noordwijk,8.0,7.0,6.0,6.0,6.0,3.0,2.0,3.0,2.0,2.0,2.0,2.0,2.0,2.0,2.0,2.0,2.0,2.0,0.0
214,"Nuenen, Gerwen en Nederwetten",10.0,8.0,4.0,4.0,3.0,1.0,1.0,1.0,1.0,1.0,1.0,1.0,1.0,1.0,1.0,1.0,1.0,0.0,0.0
215,Nunspeet,31.0,29.0,22.0,17.0,13.0,9.0,4.0,3.0,3.0,2.0,2.0,1.0,1.0,1.0,0.0,0.0,0.0,0.0,0.0
216,Oegstgeest,9.0,9.0,8.0,7.0,7.0,7.0,6.0,5.0,4.0,4.0,4.0,4.0,4.0,2.0,2.0,2.0,1.0,1.0,1.0
217,Oirschot,8.0,6.0,4.0,3.0,3.0,1.0,1.0,1.0,1.0,1.0,1.0,0.0,0.0,0.0,0.0,0.0,0.0,0.0,0.0
218,Oisterwijk,21.0,18.0,16.0,16.0,16.0,15.0,12.0,10.0,10.0,10.0,9.0,6.0,6.0,6.0,5.0,4.0,3.0,3.0,3.0
219,Oldambt,0.0,0.0,0.0,0.0,0.0,0.0,0.0,0.0,0.0,0.0,0.0,0.0,0.0,0.0,0.0,0.0,0.0,0.0,0.0
220,Oldebroek,16.0,12.0,8.0,7.0,7.0,6.0,5.0,5.0,5.0,2.0,2.0,1.0,1.0,1.0,0.0,0.0,0.0,0.0,0.0
221,Oldenzaal,15.0,13.0,8.0,6.0,6.0,6.0,5.0,3.0,2.0,1.0,1.0,1.0,1.0,0.0,0.0,0.0,0.0,0.0,0.0
222,Olst-Wijhe,6.0,6.0,4.0,2.0,2.0,2.0,0.0,0.0,0.0,0.0,0.0,0.0,0.0,0.0,0.0,0.0,0.0,0.0,0.0
223,Ommen,7.0,7.0,6.0,6.0,4.0,4.0,3.0,2.0,2.0,1.0,1.0,1.0,1.0,0.0,0.0,0.0,0.0,0.0,0.0
224,Oost Gelre,6.0,6.0,6.0,2.0,2.0,2.0,1.0,0.0,0.0,0.0,0.0,0.0,0.0,0.0,0.0,0.0,0.0,0.0,0.0
225,Oosterhout,29.0,26.0,23.0,22.0,16.0,13.0,12.0,0.0,0.0,0.0,0.0,0.0,0.0,0.0,0.0,0.0,0.0,0.0,0.0
226,Ooststellingwerf,1.0,1.0,0.0,0.0,0.0,0.0,0.0,9.0,9.0,8.0,6.0,5.0,4.0,3.0,1.0,0.0,0.0,0.0,0.0
227,Oostzaan,7.0,6.0,5.0,5.0,4.0,3.0,3.0,0.0,0.0,0.0,0.0,0.0,0.0,0.0,0.0,0.0,0.0,0.0,0.0
228,Opmeer,2.0,0.0,0.0,0.0,0.0,0.0,0.0,2.0,2.0,1.0,0.0,0.0,0.0,0.0,0.0,0.0,0.0,0.0,0.0
229,Opsterland,5.0,4.0,3.0,3.0,2.0,2.0,2.0,0.0,0.0,0.0,0.0,0.0,0.0,0.0,0.0,0.0,0.0,0.0,0.0
230,Oss,100.0,81.0,73.0,65.0,59.0,44.0,35.0,2.0,2.0,2.0,2.0,2.0,2.0,2.0,2.0,2.0,2.0,0.0,0.0
231,Oude IJsselstreek,5.0,4.0,4.0,4.0,4.0,4.0,2.0,26.0,20.0,14.0,11.0,5.0,4.0,3.0,3.0,2.0,1.0,1.0,1.0
232,Ouder-Amstel,7.0,7.0,7.0,5.0,4.0,4.0,3.0,2.0,2.0,2.0,1.0,0.0,0.0,0.0,0.0,0.0,0.0,0.0,0.0
233,Oudewater,12.0,10.0,7.0,4.0,4.0,3.0,2.0,3.0,3.0,2.0,0.0,0.0,0.0,0.0,0.0,0.0,0.0,0.0,0.0
234,Overbetuwe,44.0,38.0,33.0,30.0,22.0,20.0,15.0,2.0,1.0,1.0,1.0,1.0,0.0,0.0,0.0,0.0,0.0,0.0,0.0
235,Papendrecht,6.0,6.0,5.0,5.0,4.0,2.0,2.0,11.0,9.0,9.0,8.0,6.0,4.0,0.0,0.0,0.0,0.0,0.0,0.0
236,Peel en Maas,96.0,88.0,79.0,69.0,64.0,63.0,49.0,1.0,0.0,0.0,0.0,0.0,0.0,0.0,0.0,0.0,0.0,0.0,0.0
237,Pekela,2.0,2.0,2.0,2.0,2.0,2.0,1.0,41.0,36.0,31.0,19.0,14.0,10.0,8.0,4.0,3.0,1.0,0.0,0.0
238,Pijnacker-Nootdorp,20.0,16.0,14.0,12.0,11.0,11.0,11.0,1.0,1.0,1.0,1.0,1.0,1.0,1.0,1.0,0.0,0.0,0.0,0.0
239,Purmerend,39.0,32.0,23.0,22.0,20.0,14.0,11.0,11.0,11.0,10.0,8.0,7.0,6.0,6.0,5.0,5.0,4.0,2.0,2.0
240,Putten,6.0,5.0,3.0,3.0,3.0,3.0,3.0,7.0,4.0,2.0,2.0,2.0,2.0,2.0,1.0,1.0,0.0,0.0,0.0
241,Raalte,12.0,10.0,6.0,5.0,5.0,3.0,3.0,2.0,2.0,2.0,2.0,0.0,0.0,0.0,0.0,0.0,0.0,0.0,0.0
242,Reimerswaal,7.0,7.0,6.0,5.0,5.0,5.0,5.0,3.0,3.0,3.0,2.0,1.0,1.0,1.0,1.0,0.0,0.0,0.0,0.0
243,Renkum,14.0,12.0,11.0,10.0,10.0,9.0,9.0,4.0,3.0,2.0,2.0,1.0,1.0,1.0,1.0,0.0,0.0,0.0,0.0
244,Renswoude,0.0,0.0,0.0,0.0,0.0,0.0,0.0,8.0,8.0,8.0,8.0,8.0,7.0,7.0,7.0,7.0,5.0,5.0,5.0
245,Reusel-De Mierden,4.0,1.0,1.0,1.0,1.0,0.0,0.0,0.0,0.0,0.0,0.0,0.0,0.0,0.0,0.0,0.0,0.0,0.0,0.0
246,Rheden,21.0,18.0,15.0,12.0,10.0,7.0,7.0,0.0,0.0,0.0,0.0,0.0,0.0,0.0,0.0,0.0,0.0,0.0,0.0
247,Rhenen,2.0,1.0,1.0,1.0,0.0,0.0,0.0,4.0,3.0,2.0,1.0,1.0,1.0,1.0,1.0,1.0,1.0,0.0,0.0
248,Ridderkerk,13.0,9.0,7.0,5.0,5.0,4.0,2.0,0.0,0.0,0.0,0.0,0.0,0.0,0.0,0.0,0.0,0.0,0.0,0.0
249,Rijssen-Holten,13.0,9.0,4.0,4.0,4.0,3.0,2.0,1.0,1.0,1.0,1.0,1.0,1.0,1.0,1.0,1.0,1.0,1.0,1.0
250,Rijswijk,11.0,10.0,8.0,7.0,5.0,4.0,4.0,0.0,0.0,0.0,0.0,0.0,0.0,0.0,0.0,0.0,0.0,0.0,0.0
251,Roerdalen,11.0,10.0,10.0,7.0,6.0,4.0,4.0,3.0,3.0,2.0,1.0,0.0,0.0,0.0,0.0,0.0,0.0,0.0,0.0
252,Roermond,29.0,28.0,26.0,23.0,21.0,18.0,15.0,1.0,1.0,0.0,0.0,0.0,0.0,0.0,0.0,0.0,0.0,0.0,0.0
253,Roosendaal,24.0,20.0,18.0,16.0,11.0,8.0,8.0,13.0,6.0,4.0,2.0,2.0,2.0,1.0,1.0,1.0,1.0,1.0,1.0
254,Rotterdam,204.0,186.0,163.0,149.0,139.0,120.0,104.0,7.0,6.0,6.0,6.0,5.0,2.0,2.0,1.0,1.0,0.0,0.0,0.0
255,Rozendaal,2.0,2.0,2.0,2.0,2.0,2.0,2.0,81.0,58.0,41.0,30.0,25.0,24.0,20.0,15.0,15.0,15.0,14.0,14.0
256,Rucphen,6.0,6.0,6.0,6.0,6.0,6.0,3.0,2.0,2.0,1.0,1.0,1.0,0.0,0.0,0.0,0.0,0.0,0.0,0.0
257,Schagen,12.0,11.0,10.0,7.0,7.0,7.0,6.0,2.0,1.0,1.0,1.0,1.0,0.0,0.0,0.0,0.0,0.0,0.0,0.0
258,Scherpenzeel,3.0,2.0,2.0,2.0,1.0,0.0,0.0,6.0,5.0,4.0,4.0,4.0,3.0,2.0,1.0,1.0,1.0,0.0,0.0
259,Schiedam,16.0,14.0,10.0,8.0,8.0,6.0,4.0,0.0,0.0,0.0,0.0,0.0,0.0,0.0,0.0,0.0,0.0,0.0,0.0
260,Schiermonnikoog,0.0,0.0,0.0,0.0,0.0,0.0,0.0,2.0,1.0,1.0,1.0,1.0,0.0,0.0,0.0,0.0,0.0,0.0,0.0
261,Schouwen-Duiveland,8.0,6.0,3.0,3.0,3.0,3.0,2.0,0.0,0.0,0.0,0.0,0.0,0.0,0.0,0.0,0.0,0.0,0.0,0.0
262,Simpelveld,10.0,8.0,7.0,5.0,5.0,5.0,5.0,2.0,2.0,2.0,2.0,2.0,2.0,2.0,2.0,2.0,2.0,1.0,1.0
263,Sint Anthonis,14.0,13.0,13.0,13.0,13.0,12.0,10.0,5.0,5.0,4.0,3.0,3.0,2.0,2.0,2.0,2.0,2.0,2.0,2.0
264,Sint-Michielsgestel,22.0,18.0,17.0,14.0,14.0,12.0,12.0,8.0,5.0,4.0,3.0,2.0,2.0,0.0,0.0,0.0,0.0,0.0,0.0
265,Sittard-Geleen,94.0,86.0,84.0,61.0,59.0,58.0,58.0,10.0,10.0,8.0,8.0,6.0,6.0,5.0,5.0,5.0,5.0,5.0,5.0
266,Sliedrecht,7.0,5.0,4.0,3.0,3.0,3.0,2.0,51.0,51.0,42.0,38.0,37.0,35.0,23.0,20.0,20.0,13.0,8.0,7.0
267,Sluis,6.0,5.0,5.0,4.0,4.0,3.0,3.0,1.0,1.0,1.0,0.0,0.0,0.0,0.0,0.0,0.0,0.0,0.0,0.0
268,Smallingerland,5.0,4.0,3.0,3.0,3.0,3.0,3.0,2.0,2.0,2.0,2.0,1.0,0.0,0.0,0.0,0.0,0.0,0.0,0.0
269,Soest,23.0,21.0,20.0,16.0,16.0,15.0,14.0,3.0,3.0,3.0,3.0,3.0,2.0,1.0,1.0,1.0,0.0,0.0,0.0
270,Someren,15.0,10.0,7.0,7.0,6.0,5.0,5.0,13.0,12.0,11.0,10.0,8.0,8.0,8.0,8.0,8.0,8.0,7.0,7.0
271,Son en Breugel,19.0,15.0,13.0,10.0,10.0,8.0,7.0,3.0,3.0,2.0,1.0,1.0,1.0,0.0,0.0,0.0,0.0,0.0,0.0
272,Stadskanaal,1.0,0.0,0.0,0.0,0.0,0.0,0.0,5.0,4.0,4.0,4.0,2.0,2.0,2.0,1.0,1.0,0.0,0.0,0.0
273,Staphorst,4.0,4.0,4.0,4.0,3.0,3.0,3.0,0.0,0.0,0.0,0.0,0.0,0.0,0.0,0.0,0.0,0.0,0.0,0.0
274,Stede Broec,17.0,13.0,9.0,8.0,5.0,5.0,3.0,2.0,1.0,1.0,1.0,1.0,1.0,0.0,0.0,0.0,0.0,0.0,0.0
275,Steenbergen,11.0,11.0,9.0,8.0,8.0,5.0,4.0,3.0,1.0,1.0,1.0,0.0,0.0,0.0,0.0,0.0,0.0,0.0,0.0
276,Steenwijkerland,8.0,6.0,5.0,4.0,3.0,3.0,1.0,4.0,2.0,2.0,2.0,1.0,0.0,0.0,0.0,0.0,0.0,0.0,0.0
277,Stein,28.0,24.0,24.0,9.0,6.0,5.0,5.0,1.0,1.0,1.0,0.0,0.0,0.0,0.0,0.0,0.0,0.0,0.0,0.0
278,Stichtse Vecht,27.0,22.0,16.0,13.0,12.0,10.0,10.0,4.0,4.0,3.0,3.0,3.0,3.0,1.0,1.0,1.0,0.0,0.0,0.0
279,S‚Äö√Ñ√∂‚àö‚Ä†‚àö‚àÇ‚Äö√Ñ√∂‚àö‚Ä†¬¨¬•dwest-Frysl‚Äö√Ñ√∂‚àö‚Ä†‚àö‚àÇ¬¨¬®¬¨¬¢n,,8.0,6.0,5.0,5.0,4.0,2.0,10.0,9.0,8.0,7.0,7.0,6.0,6.0,5.0,5.0,5.0,5.0,5.0
280,Terneuzen,14.0,10.0,6.0,6.0,5.0,5.0,5.0,2.0,1.0,1.0,1.0,1.0,1.0,1.0,0.0,0.0,0.0,0.0,0.0
281,Terschelling,0.0,0.0,0.0,0.0,0.0,0.0,0.0,4.0,3.0,2.0,1.0,1.0,1.0,0.0,0.0,0.0,0.0,0.0,0.0
282,Texel,3.0,3.0,3.0,3.0,3.0,3.0,3.0,0.0,0.0,0.0,0.0,0.0,0.0,0.0,0.0,0.0,0.0,0.0,0.0
283,Teylingen,10.0,8.0,7.0,7.0,7.0,5.0,3.0,2.0,0.0,0.0,0.0,0.0,0.0,0.0,0.0,0.0,0.0,0.0,0.0
284,Tholen,14.0,13.0,11.0,8.0,7.0,7.0,2.0,2.0,2.0,2.0,1.0,0.0,0.0,0.0,0.0,0.0,0.0,0.0,0.0
285,Tiel,20.0,14.0,8.0,6.0,5.0,4.0,4.0,2.0,2.0,1.0,1.0,1.0,0.0,0.0,0.0,0.0,0.0,0.0,0.0
286,Tilburg,230.0,224.0,211.0,193.0,178.0,154.0,133.0,4.0,4.0,4.0,4.0,3.0,2.0,2.0,2.0,1.0,1.0,1.0,0.0
287,Tubbergen,9.0,4.0,4.0,4.0,3.0,3.0,3.0,119.0,95.0,88.0,84.0,68.0,68.0,67.0,50.0,42.0,29.0,27.0,12.0
288,Twenterand,3.0,3.0,3.0,2.0,1.0,1.0,0.0,3.0,1.0,1.0,1.0,1.0,1.0,1.0,1.0,1.0,1.0,1.0,0.0
289,Tynaarlo,15.0,13.0,10.0,8.0,8.0,7.0,5.0,0.0,0.0,0.0,0.0,0.0,0.0,0.0,0.0,0.0,0.0,0.0,0.0
290,Tytsjerksteradiel,2.0,2.0,1.0,1.0,1.0,1.0,1.0,4.0,3.0,1.0,0.0,0.0,0.0,0.0,0.0,0.0,0.0,0.0,0.0
291,Uden,107.0,94.0,92.0,84.0,82.0,76.0,71.0,1.0,1.0,1.0,1.0,0.0,0.0,0.0,0.0,0.0,0.0,0.0,0.0
292,Uitgeest,4.0,4.0,4.0,4.0,4.0,2.0,2.0,60.0,53.0,49.0,43.0,33.0,28.0,25.0,21.0,18.0,13.0,12.0,7.0
293,Uithoorn,7.0,5.0,4.0,2.0,2.0,2.0,2.0,0.0,0.0,0.0,0.0,0.0,0.0,0.0,0.0,0.0,0.0,0.0,0.0
294,Urk,8.0,7.0,7.0,7.0,7.0,6.0,5.0,2.0,1.0,0.0,0.0,0.0,0.0,0.0,0.0,0.0,0.0,0.0,0.0
295,Utrecht,215.0,191.0,160.0,145.0,131.0,121.0,101.0,4.0,1.0,0.0,0.0,0.0,0.0,0.0,0.0,0.0,0.0,0.0,0.0
296,Utrechtse Heuvelrug,17.0,15.0,14.0,14.0,11.0,8.0,8.0,83.0,69.0,60.0,48.0,38.0,30.0,26.0,25.0,18.0,14.0,13.0,13.0
297,Vaals,6.0,4.0,3.0,0.0,0.0,0.0,0.0,8.0,6.0,5.0,3.0,2.0,2.0,2.0,2.0,2.0,2.0,2.0,2.0
298,Valkenburg aan de Geul,10.0,9.0,8.0,4.0,4.0,4.0,4.0,0.0,0.0,0.0,0.0,0.0,0.0,0.0,0.0,0.0,0.0,0.0,0.0
299,Valkenswaard,17.0,9.0,8.0,5.0,4.0,4.0,2.0,2.0,2.0,2.0,1.0,0.0,0.0,0.0,0.0,0.0,0.0,0.0,0.0
300,Veendam,1.0,1.0,0.0,0.0,0.0,0.0,0.0,1.0,1.0,0.0,0.0,0.0,0.0,0.0,0.0,0.0,0.0,0.0,0.0
301,Veenendaal,7.0,7.0,6.0,6.0,3.0,2.0,2.0,0.0,0.0,0.0,0.0,0.0,0.0,0.0,0.0,0.0,0.0,0.0,0.0
302,Veere,7.0,6.0,6.0,6.0,5.0,5.0,2.0,2.0,1.0,1.0,1.0,1.0,1.0,1.0,1.0,0.0,0.0,0.0,0.0
303,Veldhoven,22.0,18.0,14.0,11.0,11.0,9.0,5.0,1.0,1.0,1.0,1.0,1.0,1.0,1.0,1.0,1.0,0.0,0.0,0.0
304,Velsen,23.0,15.0,15.0,11.0,10.0,8.0,5.0,2.0,1.0,1.0,1.0,1.0,1.0,1.0,1.0,1.0,1.0,1.0,0.0
305,Venlo,54.0,47.0,40.0,35.0,33.0,33.0,24.0,4.0,4.0,4.0,4.0,1.0,1.0,1.0,1.0,0.0,0.0,0.0,0.0
306,Venray,20.0,17.0,13.0,10.0,9.0,8.0,6.0,21.0,12.0,8.0,6.0,4.0,3.0,2.0,2.0,1.0,1.0,1.0,0.0
307,Vijfheerenlanden,24.0,21.0,18.0,12.0,11.0,9.0,7.0,3.0,1.0,0.0,0.0,0.0,0.0,0.0,0.0,0.0,0.0,0.0,0.0
308,Vlaardingen,24.0,22.0,18.0,15.0,15.0,12.0,7.0,7.0,4.0,4.0,3.0,2.0,2.0,2.0,1.0,1.0,1.0,1.0,1.0
309,Vlieland,0.0,0.0,0.0,0.0,0.0,0.0,0.0,4.0,2.0,2.0,1.0,1.0,1.0,1.0,1.0,0.0,0.0,0.0,0.0
310,Vlissingen,8.0,8.0,8.0,8.0,6.0,6.0,6.0,0.0,0.0,0.0,0.0,0.0,0.0,0.0,0.0,0.0,0.0,0.0,0.0
311,Voerendaal,7.0,6.0,5.0,4.0,4.0,4.0,4.0,5.0,4.0,4.0,3.0,2.0,2.0,2.0,2.0,0.0,0.0,0.0,0.0
312,Voorschoten,6.0,5.0,3.0,3.0,3.0,2.0,2.0,3.0,3.0,1.0,0.0,0.0,0.0,0.0,0.0,0.0,0.0,0.0,0.0
313,Voorst,10.0,6.0,3.0,2.0,2.0,2.0,1.0,1.0,1.0,0.0,0.0,0.0,0.0,0.0,0.0,0.0,0.0,0.0,0.0
314,Vught,25.0,22.0,19.0,17.0,15.0,11.0,8.0,1.0,1.0,1.0,1.0,1.0,1.0,1.0,1.0,1.0,1.0,1.0,0.0
315,Waadhoeke,2.0,0.0,0.0,0.0,0.0,0.0,0.0,8.0,7.0,6.0,3.0,2.0,2.0,2.0,2.0,1.0,1.0,1.0,0.0
316,Waalre,6.0,2.0,3.0,2.0,2.0,2.0,2.0,0.0,0.0,0.0,0.0,0.0,0.0,0.0,0.0,0.0,0.0,0.0,0.0
317,Waalwijk,39.0,34.0,29.0,24.0,22.0,16.0,15.0,2.0,2.0,1.0,1.0,1.0,1.0,1.0,1.0,1.0,1.0,1.0,1.0
318,Waddinxveen,6.0,5.0,4.0,4.0,4.0,4.0,3.0,13.0,12.0,11.0,10.0,8.0,8.0,9.0,6.0,6.0,5.0,5.0,5.0
319,Wageningen,4.0,3.0,3.0,3.0,3.0,3.0,2.0,3.0,1.0,1.0,1.0,1.0,1.0,1.0,1.0,1.0,1.0,0.0,0.0
320,Wassenaar,6.0,5.0,5.0,5.0,5.0,5.0,4.0,1.0,1.0,1.0,0.0,0.0,0.0,0.0,0.0,0.0,0.0,0.0,0.0
321,Waterland,11.0,11.0,10.0,9.0,8.0,8.0,7.0,4.0,3.0,3.0,3.0,2.0,2.0,1.0,0.0,0.0,0.0,0.0,0.0
322,Weert,28.0,24.0,17.0,12.0,7.0,7.0,4.0,7.0,4.0,3.0,3.0,2.0,1.0,1.0,1.0,1.0,1.0,1.0,1.0
323,Weesp,7.0,6.0,2.0,1.0,1.0,1.0,1.0,0.0,0.0,0.0,0.0,0.0,0.0,0.0,0.0,0.0,0.0,0.0,0.0
324,West Betuwe,22.0,19.0,17.0,15.0,12.0,12.0,11.0,0.0,0.0,0.0,0.0,0.0,0.0,0.0,0.0,0.0,0.0,0.0,0.0
325,West Maas en Waal,13.0,11.0,8.0,7.0,6.0,4.0,4.0,8.0,6.0,6.0,3.0,3.0,3.0,3.0,2.0,2.0,2.0,2.0,2.0
326,Westerkwartier,12.0,9.0,8.0,8.0,6.0,3.0,2.0,3.0,3.0,3.0,3.0,3.0,2.0,2.0,2.0,1.0,1.0,1.0,1.0
327,Westerveld,2.0,2.0,2.0,2.0,1.0,1.0,0.0,3.0,1.0,1.0,1.0,1.0,0.0,0.0,0.0,0.0,0.0,0.0,0.0
328,Westervoort,2.0,2.0,2.0,2.0,2.0,1.0,1.0,0.0,0.0,0.0,0.0,0.0,0.0,0.0,0.0,0.0,0.0,0.0,0.0
329,Westerwolde,3.0,3.0,0.0,0.0,0.0,0.0,0.0,0.0,0.0,0.0,0.0,0.0,0.0,0.0,0.0,0.0,0.0,0.0,0.0
330,Westland,30.0,28.0,25.0,21.0,15.0,11.0,9.0,0.0,0.0,0.0,0.0,0.0,0.0,0.0,0.0,0.0,0.0,0.0,0.0
331,Weststellingwerf,2.0,1.0,1.0,1.0,1.0,1.0,0.0,7.0,6.0,3.0,1.0,1.0,0.0,0.0,0.0,0.0,0.0,0.0,0.0
332,Westvoorne,8.0,8.0,8.0,7.0,5.0,3.0,3.0,0.0,0.0,0.0,0.0,0.0,0.0,0.0,0.0,0.0,0.0,0.0,0.0
333,Wierden,2.0,1.0,0.0,0.0,0.0,0.0,0.0,3.0,3.0,3.0,3.0,3.0,2.0,1.0,1.0,1.0,1.0,1.0,1.0
334,Wijchen,30.0,24.0,23.0,21.0,20.0,17.0,14.0,0.0,0.0,0.0,0.0,0.0,0.0,0.0,0.0,0.0,0.0,0.0,0.0
335,Wijdemeren,4.0,3.0,1.0,1.0,1.0,1.0,1.0,8.0,8.0,6.0,5.0,4.0,3.0,3.0,2.0,1.0,1.0,1.0,1.0
336,Wijk bij Duurstede,7.0,6.0,6.0,6.0,6.0,6.0,5.0,1.0,1.0,0.0,0.0,0.0,0.0,0.0,0.0,0.0,0.0,0.0,0.0
337,Winterswijk,2.0,2.0,2.0,2.0,2.0,1.0,0.0,4.0,4.0,4.0,3.0,3.0,2.0,2.0,2.0,1.0,1.0,1.0,1.0
338,Woensdrecht,5.0,5.0,4.0,3.0,2.0,0.0,0.0,0.0,0.0,0.0,0.0,0.0,0.0,0.0,0.0,0.0,0.0,0.0,0.0
339,Woerden,25.0,22.0,19.0,14.0,7.0,6.0,5.0,0.0,0.0,0.0,0.0,0.0,0.0,0.0,0.0,0.0,0.0,0.0,0.0
340,Wormerland,5.0,3.0,2.0,2.0,1.0,1.0,1.0,4.0,4.0,3.0,2.0,2.0,2.0,2.0,2.0,2.0,2.0,2.0,2.0
341,Woudenberg,7.0,6.0,4.0,4.0,3.0,3.0,3.0,1.0,0.0,0.0,0.0,0.0,0.0,0.0,0.0,0.0,0.0,0.0,0.0
342,Zaanstad,31.0,29.0,20.0,19.0,11.0,9.0,3.0,2.0,2.0,1.0,1.0,1.0,1.0,1.0,1.0,1.0,0.0,0.0,0.0
343,Zaltbommel,7.0,7.0,7.0,7.0,6.0,5.0,4.0,4.0,2.0,2.0,2.0,2.0,2.0,2.0,2.0,2.0,2.0,2.0,2.0
344,Zandvoort,6.0,6.0,6.0,3.0,2.0,2.0,1.0,3.0,3.0,3.0,1.0,1.0,1.0,1.0,1.0,1.0,1.0,1.0,1.0
345,Zeewolde,6.0,5.0,4.0,4.0,4.0,4.0,4.0,1.0,1.0,1.0,1.0,1.0,1.0,0.0,0.0,0.0,0.0,0.0,0.0
346,Zeist,28.0,25.0,20.0,19.0,17.0,17.0,13.0,3.0,3.0,2.0,2.0,2.0,2.0,1.0,1.0,1.0,1.0,1.0,1.0
347,Zevenaar,10.0,10.0,10.0,9.0,8.0,6.0,5.0,12.0,12.0,12.0,8.0,6.0,4.0,4.0,4.0,3.0,2.0,1.0,1.0
348,Zoetermeer,14.0,13.0,8.0,7.0,5.0,4.0,4.0,3.0,2.0,0.0,0.0,0.0,0.0,0.0,0.0,0.0,0.0,0.0,0.0
349,Zoeterwoude,1.0,1.0,1.0,0.0,0.0,0.0,0.0,1.0,1.0,0.0,0.0,0.0,0.0,0.0,0.0,0.0,0.0,0.0,0.0
350,Zuidplas,10.0,6.0,3.0,3.0,3.0,1.0,0.0,0.0,0.0,0.0,0.0,0.0,0.0,0.0,0.0,0.0,0.0,0.0,0.0
351,Zundert,15.0,14.0,11.0,9.0,7.0,7.0,7.0,0.0,0.0,0.0,0.0,0.0,0.0,0.0,0.0,0.0,0.0,0.0,0.0
352,Zutphen,8.0,8.0,6.0,6.0,4.0,4.0,2.0,6.0,6.0,4.0,3.0,3.0,3.0,3.0,2.0,2.0,1.0,1.0,1.0
353,Zwartewaterland,33.0,30.0,22.0,19.0,17.0,15.0,9.0,1.0,1.0,1.0,0.0,0.0,0.0,0.0,0.0,0.0,0.0,0.0,0.0
354,Zwijndrecht,11.0,9.0,8.0,6.0,6.0,6.0,6.0,5.0,4.0,4.0,2.0,2.0,2.0,2.0,0.0,0.0,0.0,0.0,0.0
355,Zwolle,56.0,47.0,40.0,35.0,28.0,23.0,18.0,6.0,5.0,4.0,3.0,3.0,2.0,0.0,0.0,0.0,0.0,0.0,0.0
356,Noardeast-Frysl‚Äö√†√∂¬¨¬¢n,,,,,,,,,,,,,,,,,,,
357,S‚Äö√†√∂‚Äö√†¬¥dwest-Frysl‚Äö√†√∂¬¨¬¢n,,,,,,,,,,,,,,,,,,,
358,Noardeast-Frysl‚àö¬¢n,,,,,,,,,,,,,,,,,,,
359,S‚àö‚à´dwest-Frysl‚àö¬¢n,,,,,,,,,,,,,,,,,,,
360,Noardeast-Frysl√¢n,,,,,,,,,,,,,,,,,,,
361,S√∫dwest-Frysl√¢n,,,,,,,,,,,,,,,,,,,
362,Noardeast-Fryslân,3.0,,,,,,,,,,,,,,,,,,
363,Súdwest-Fryslân,12.0,,,,,,,,,,,,,,,,,,
